{
    "Heart": {
        "Accuracy": 0.9855,
        "Precision": 0.9867512332628612,
        "Recall": 0.9968674355688453,
        "F1": 0.9917835387448647
    },
    "Kidney": {
        "Accuracy": 0.9975,
        "Precision": 0.9979721166032953,
        "Recall": 0.9994922569179995,
        "F1": 0.9987316083206494
    },
    "Liver": {
        "Accuracy": 0.99425,
        "Precision": 0.9941992433795712,
        "Recall": 1.0,
        "F1": 0.9970911850259264
    },
    "Thyroid": {
        "Accuracy": 0.98725,
        "Precision": 0.9891703056768559,
        "Recall": 0.9929861476415921,
        "F1": 0.9910745537276864
    },
    "Diabetes": {
        "Accuracy": 0.979,
        "Precision": 0.9799810844892812,
        "Recall": 0.9934483860658357,
        "F1": 0.9866687827328995
    }
}